VERIFIED	0	actions::kani_proofs::proof_actions_goal_roundtrip
VERIFIED	0	actions::kani_proofs::proof_actions_feedback_roundtrip
VERIFIED	0	actions::kani_proofs::proof_actions_result_roundtrip
VERIFIED	0	actions::kani_proofs::proof_actions_cancel_roundtrip
VERIFIED	0	actuation::kani_proofs::proof_act_requires_all_conditions
VERIFIED	0	actuation::kani_proofs::proof_r14_unsafe_never_acts
VERIFIED	0	actuation::kani_proofs::proof_decision_total_and_deterministic
VERIFIED	0	actuation::kani_proofs::proof_stop_never_blocked
VERIFIED	0	actuation::kani_proofs::proof_stop_requires_authenticity
VERIFIED	0	actuation::kani_proofs::proof_act_refused_while_stopped
VERIFIED	0	actuation::kani_proofs::proof_act_rule_unchanged
VERIFIED	0	actuation::kani_proofs::proof_act_needs_live_supervision
VERIFIED	0	actuation::kani_proofs::proof_stop_ignores_supervision
VERIFIED	0	actuation::kani_proofs::proof_supervision_bounded
VERIFIED	0	actuation::kani_proofs::proof_osb1_parse_total
VERIFIED	0	actuation::kani_proofs::proof_order_class_total
VERIFIED	0	actuation::kani_proofs::proof_oas1_parse_total
VERIFIED	0	actuation::kani_proofs::proof_oas1_equivalent_to_oac1_stop
VERIFIED	0	actuation::kani_proofs::proof_oas1_addressing_is_total
VERIFIED	0	actuation::timeview::kani_proofs::proof_timeview_stamp_total
VERIFIED	0	actuation::timeview::kani_proofs::proof_timeview_window_is_bounded
VERIFIED	0	actuation::timeview::kani_proofs::proof_timeview_refuses_stale_and_backwards
VERIFIED	0	actuation::timeview::kani_proofs::proof_timeview_apply_is_monotone_within_a_boot
VERIFIED	0	authority::kani_proofs::proof_auth_hybrid_requires_both
VERIFIED	0	authority::kani_proofs::proof_auth_policy_never_lowers
VERIFIED	0	authority::kani_proofs::proof_auth_parse_total
VERIFIED	0	authority::kani_proofs::proof_auth_precheck_no_downgrade
VERIFIED	0	branching::kani_proofs::proof_m4_fitness_bounded_in_unit_interval
VERIFIED	0	dreams::kani_proofs::proof_m8_force_trigger_upper_bound
VERIFIED	0	dreams::kani_proofs::proof_m8_no_retrigger_at_same_tick
VERIFIED	0	efference::kani_proofs::proof_m3_pain_bounded
VERIFIED	0	efference::kani_proofs::proof_m3_pain_nonincreasing_when_idle
VERIFIED	0	emotion::kani_proofs::proof_m5_fear_bounded
VERIFIED	0	emotion::kani_proofs::proof_m5_fear_idempotent
VERIFIED	0	emotion::kani_proofs::proof_m5_fear_monotone
VERIFIED	0	enrollment::kani_proofs::proof_enr_revoked_never_enrolled
VERIFIED	0	enrollment::kani_proofs::proof_enr_seq_never_decreases
VERIFIED	0	enrollment::kani_proofs::proof_enr_other_entries_untouched
VERIFIED	0	enrollment::kani_proofs::proof_enr_parse_total
VERIFIED	0	federation::kani_proofs::proof_m11_hex_digit_range_and_rejection
VERIFIED	0	federation::kani_proofs::proof_m11_trust_clamp_bounded
VERIFIED	0	firmware::kani_proofs::proof_fw_install_requires_all_conditions
VERIFIED	0	firmware::kani_proofs::proof_fw_floor_never_lowers
VERIFIED	0	firmware::kani_proofs::proof_fw_parsers_total
VERIFIED	0	fragment::kani_proofs::proof_frag_parse_in_bounds
VERIFIED	0	fragment::kani_proofs::proof_frag_completion_mask
VERIFIED	0	fragment::kani_proofs::proof_frag_reassembler_never_panics
VERIFIED	0	hal::kani_proofs::proof_hal_clamp_force_bounded
VERIFIED	0	hal::kani_proofs::proof_hal_clamp_torque_bounded
VERIFIED	0	hal::kani_proofs::proof_hal_clamp_velocity_bounded
VERIFIED	0	hal::kani_proofs::proof_hal_geofence_breach_zeroes_everything
VERIFIED	0	hal::kani_proofs::proof_hal_clamp_identity_when_in_bounds
VERIFIED	0	hyper_state::kani_proofs::proof_r14_monotonic
VERIFIED	0	hyper_state::kani_proofs::proof_r14_boundary_strict
VERIFIED	0	hyper_state::kani_proofs::proof_r14_determinism
VERIFIED	0	hyper_state::kani_proofs::proof_r14_blocks_any_adversarial_spike
VERIFIED	0	journal::kani_proofs::proof_entry_roundtrip_is_lossless
VERIFIED	0	journal::kani_proofs::proof_journal_seq_monotone
VERIFIED	0	journal::kani_proofs::proof_journal_parse_total
VERIFIED	0	journal::kani_proofs::proof_decision_byte_is_injective
VERIFIED	0	journal::kani_proofs::proof_every_decision_is_logged
VERIFIED	0	mavlink_order::kani_proofs::proof_no_arm_frame_without_act
VERIFIED	0	mavlink_order::kani_proofs::proof_arm_implies_every_condition
VERIFIED	0	mavlink_order::kani_proofs::proof_stop_class_never_arms
VERIFIED	0	mavlink_order::kani_proofs::proof_action_is_total_and_binary
VERIFIED	0	mesh::kani_proofs::proof_mesh_ttl_monotonic_decrement
VERIFIED	0	mesh::kani_proofs::proof_mesh_forward_decision
VERIFIED	0	mesh::kani_proofs::proof_mesh_ttl_reaches_zero_in_bounded_hops
VERIFIED	0	mesh::kani_proofs::proof_mesh_msg_id_no_panic
VERIFIED	0	mesh::kani_proofs::proof_mesh_total_forwards_bounded_by_ttl
VERIFIED	0	mesh::kani_proofs::proof_mesh_header_field_offsets
VERIFIED	0	mesh::kani_proofs::proof_mesh_bloom_bit_set_then_test_true
VERIFIED	0	mesh::kani_proofs::proof_mesh_bloom_empty_contains_nothing
VERIFIED	0	mesh::kani_proofs::proof_mesh_bloom_or_idempotent
VERIFIED	0	mesh::kani_proofs::proof_mesh_v9_magic_distinct_from_v8
VERIFIED	0	mesh::kani_proofs::proof_mesh_v9_header_length_arithmetic
VERIFIED	0	mesh::kani_proofs::proof_mesh_v10_magic_distinct
VERIFIED	0	mesh::kani_proofs::proof_mesh_v10_header_length_arithmetic
VERIFIED	0	mesh::kani_proofs::proof_mesh_bloom_bit_index_bounded
VERIFIED	0	mesh::kani_proofs::proof_ac_bloom_inserts_since_reset_bounded
VERIFIED	0	mesh::kani_proofs::proof_ac_bloom_reset_count_monotonic
VERIFIED	0	mesh::kani_proofs::proof_ac_auto_reset_preserves_seen_set
VERIFIED	0	mesh::kani_proofs::proof_ac_throughput_flat_with_auto_reset
VERIFIED	0	mesh::kani_proofs::proof_ad_reset_count_predictable
VERIFIED	0	mesh::kani_proofs::proof_ad_reset_period_bounded_by_threshold
VERIFIED	0	mesh::kani_proofs::proof_ad_threshold_inverse_scaling
VERIFIED	0	mesh::kani_proofs::proof_ae_alert_threshold_correctness
VERIFIED	0	mesh::kani_proofs::proof_ae_lifetime_inserts_monotonic_across_resets
VERIFIED	0	mesh::kani_proofs::proof_af_serialize_wire_size_is_36
VERIFIED	0	mesh::kani_proofs::proof_af_serialize_roundtrip
VERIFIED	0	mesh::kani_proofs::proof_af_deserialize_rejects_bad_input
VERIFIED	0	mesh::kani_proofs::proof_af_combined_pattern_no_dashboard_alert
VERIFIED	0	mesh::kani_proofs::proof_ag_bloom_capacity_calibration
VERIFIED	0	mesh::kani_proofs::proof_ag_fpr_geometric_growth_bound
VERIFIED	0	mesh::kani_proofs::proof_ah_unit_suffix_skipped
VERIFIED	0	mesh::kani_proofs::proof_ah_fragment_detection_sound
VERIFIED	0	mesh::kani_proofs::proof_ai_binary_recall_complete_above_tolerance
VERIFIED	0	mesh::kani_proofs::proof_ai_binary_precision_no_flag_within_tolerance
VERIFIED	0	mesh::kani_proofs::proof_ai_multi_operand_known_gap
VERIFIED	0	mesh::kani_proofs::proof_aj_v10_sig_preimage_bounded
VERIFIED	0	mesh::kani_proofs::proof_aj_emi_rejection_rate_matches_byte_ratio
VERIFIED	0	mesh::kani_proofs::proof_aj_tamp0_false_alarm_rate_bounded
VERIFIED	0	mesh::kani_proofs::proof_aj_stress_soak_degradation_in_band
VERIFIED	0	mesh::kani_proofs::proof_ai_corpus_recall_precision_pass
VERIFIED	0	mesh::kani_proofs::proof_ah_tolerance_covers_observed_errors
VERIFIED	0	mesh::kani_proofs::proof_ag_extrapolation_ratio_consistency
VERIFIED	0	mesh::kani_proofs::proof_ad_per_call_overhead_constant
VERIFIED	0	mesh::kani_proofs::proof_v0b_parse_never_panics_full
VERIFIED	0	mesh::kani_proofs::proof_v0b_parse_never_panics_short
VERIFIED	0	mesh::kani_proofs::proof_v0b_parse_never_panics_with_payload
VERIFIED	0	mesh::kani_proofs::proof_v0b_preimage_binds_payload_digest
VERIFIED	0	mesh::kani_proofs::proof_v0b_preimage_binds_counter
VERIFIED	0	mesh::kani_proofs::proof_v0b_preimage_binds_network
VERIFIED	0	mesh::kani_proofs::proof_v0b_preimage_domain_separated_and_consistent
VERIFIED	0	mesh::prefilter::kani_proofs::proof_budget_never_exceeds_burst
VERIFIED	0	mesh::prefilter::kani_proofs::proof_budget_refill_capped
VERIFIED	0	mesh::prefilter::kani_proofs::proof_v0c_parse_total
VERIFIED	0	mesh_revocation::kani_proofs::proof_rev_epoch_never_decreases
VERIFIED	0	mesh_revocation::kani_proofs::proof_rev_rejected_leaves_state_unchanged
VERIFIED	0	mesh_revocation::kani_proofs::proof_rev_applied_is_superset
VERIFIED	0	modbus_gateway::kani_proofs::proof_mb_no_frame_without_act
VERIFIED	0	modbus_gateway::kani_proofs::proof_mb_frame_matches_rules
VERIFIED	0	modbus_gateway::kani_proofs::proof_mb_parsers_total
VERIFIED	0	morpho::kani_proofs::proof_m6_stem_terminal_after_first_diff
VERIFIED	0	morpho::kani_proofs::proof_m6_stem_start_is_always_valid
VERIFIED	0	ownership::kani_proofs::proof_own_transfer_requires_both_signatures
VERIFIED	0	ownership::kani_proofs::proof_own_offer_rules
VERIFIED	0	ownership::kani_proofs::proof_own_accept_parse_total
VERIFIED	0	parameters::kani_proofs::proof_params_clamp_float_respects_bounds
VERIFIED	0	parameters::kani_proofs::proof_params_clamp_float_unbounded_is_identity
VERIFIED	0	parameters::kani_proofs::proof_params_clamp_float_idempotent
VERIFIED	0	parameters::kani_proofs::proof_params_clamp_int_respects_bounds
VERIFIED	0	parameters::kani_proofs::proof_params_clamp_int_in_bounds_is_identity
VERIFIED	0	quorum::kani_proofs::proof_quorum_required_to_act
VERIFIED	0	quorum::kani_proofs::proof_quorum_does_not_bypass_the_base_rule
VERIFIED	0	quorum::kani_proofs::proof_quorum_not_leaked_before_authorisation
VERIFIED	0	quorum::kani_proofs::proof_oaq1_parse_total
VERIFIED	0	quorum::kani_proofs::proof_oaq1_len_is_sane
VERIFIED	0	reflex::kani_proofs::proof_reflex_uncalibrated_never_fires
VERIFIED	0	reflex::kani_proofs::proof_reflex_threshold_formula
VERIFIED	0	reflex::kani_proofs::proof_reflex_fires_when_above_baseline_zero_std
VERIFIED	0	services::kani_proofs::proof_services_request_roundtrip
VERIFIED	0	services::kani_proofs::proof_services_response_roundtrip
VERIFIED	0	services::kani_proofs::proof_services_request_parse_rejects_short
VERIFIED	0	services::kani_proofs::proof_services_response_parse_rejects_short
VERIFIED	0	spinal::kani_proofs::proof_spinal_zones_well_formed
VERIFIED	0	spinal::kani_proofs::proof_spinal_zones_pairwise_disjoint
VERIFIED	0	spinal::kani_proofs::proof_spinal_assign_dims_stay_in_zone
VERIFIED	0	spinal::kani_proofs::proof_spinal_classify_empty_is_unknown
VERIFIED	0	synapse::kani_proofs::proof_synapse_reinforce_weight_bounded
VERIFIED	0	synapse::kani_proofs::proof_synapse_decay_non_expanding
VERIFIED	0	synapse::kani_proofs::proof_synapse_prune_symmetric
VERIFIED	0	synapse::kani_proofs::proof_synapse_below_threshold_prunes
VERIFIED	0	synapse::kani_proofs::proof_synapse_zero_reward_preserves_weight
VERIFIED	0	tension::kani_proofs::proof_m1_ttl_monotone_non_increasing
VERIFIED	0	tension::kani_proofs::proof_m1_deactivate_iff_zero
VERIFIED	0	tension::kani_proofs::proof_m1_tick_terminates
VERIFIED	0	timers::kani_proofs::proof_timers_not_due_does_not_fire
VERIFIED	0	timers::kani_proofs::proof_timers_due_fires_and_rearms
VERIFIED	0	timers::kani_proofs::proof_timers_no_immediate_refire
VERIFIED	0	timers::kani_proofs::proof_timers_coalesces_missed_periods
VERIFIED	0	timers::kani_proofs::proof_timers_fire_count_saturates
VERIFIED	0	topics::kani_proofs::proof_topic_envelope_roundtrip
VERIFIED	0	topics::kani_proofs::proof_topic_parse_rejects_short_inputs
VERIFIED	0	transforms::kani_proofs::proof_transforms_compose_left_identity
VERIFIED	0	transforms::kani_proofs::proof_transforms_compose_right_identity
VERIFIED	0	transforms::kani_proofs::proof_transforms_inverse_of_identity_is_identity
VERIFIED	0	transforms::kani_proofs::proof_transforms_translation_inverse_cancels
VERIFIED	0	transforms::kani_proofs::proof_transforms_apply_identity_is_identity
VERIFIED	0	tx_lease::kani_proofs::proof_tx_lease_resume_strictly_above_issued
VERIFIED	0	tx_lease::kani_proofs::proof_tx_lease_never_issues_above_durable_ceiling
VERIFIED	0	tx_lease::kani_proofs::proof_tx_lease_failed_store_issues_nothing
VERIFIED	0	world_model::kani_proofs::proof_m10_repulsive_points_away
VERIFIED	0	world_model::kani_proofs::proof_m10_attractive_points_toward
VERIFIED	0	world_model::kani_proofs::proof_m10_field_linear
